{
    "1": -1.1225471, 
    "7": -4.4274231, 
    "8": -3.2202601, 
    "16": -5.1185132
}
