{
    "1": -1.8129249, 
    "7": -6.0674067, 
    "8": -4.9438350, 
    "16": -2.9160112
}
